Sequence_ID,Length,GC_Content,EcoRI_Sites,RNA,Protein
NC_001133.9,230218,39.27,0,CCACACCACACCCACACACCCACACACCACACCACACACCACACCACACC,PHHTHTPTHHTTHHTTPTHTHPNTTLTQP
NC_001134.8,813184,38.34,0,AAAUAGCCCUCAUGUACGUCUCCUCCAAGCCCUGUUGUCUCUUACCCGGA,K
NC_001135.5,316620,38.53,0,CCCACACACCACACCCACACCACACCCACACACCACACACACCACACCCA,PTHHTHTTPTHHTHHTHTPTPHHTHTTPTHPHPHTTPTHTTPTHTHTHTP
NC_001136.10,1531933,37.91,0,ACACCACACCCACACCACACCCACACACACCACACCCACACACCACACCC,TPHPHHTHTHHTHTPHPHPHTHTHTPHTTPHHTHTHTTPTPTHHTHTHTP
NC_001137.3,576874,38.51,0,CGUCUCCUCCAAGCCCUGUUGUCUCUUACCCGGAUGUUCAACCAAAAGCU,RLLQALLSLTRMFNQKLLTTFILCLLFIDCLFILLFPTCLSLLPCNKH
NC_001138.5,270161,38.73,0,GAUCUCGCAAGUGCAUUCCUAGACUUAAUUCAUAUCUGCUCCUCAACUGU,DLASAFLDLIHICSSTVDDAC
NC_001139.9,1090940,38.06,0,CCACACCCACACACACCACACCCACACCCACACACUACCCUAACACUACC,PHPHTPHPHPHTTLTLP
NC_001140.6,562643,38.5,0,CCCACACACACCACACCCACACACCACACCCACACUUUUCACAUCUACCU,PTHTTPTHHTHTFHIYLYSRCHSLPGFLTEIKKKKMKMKPCSLALQHFYI
NC_001141.2,439888,38.9,0,CACACACACCACACCCACACCACACCACACCACACCCACACCCACACACA,HTHHTHTTPHHTHTHTHHTHTPHPHQLSLIYLYSRCHTLPGFLTEIKKNE
NC_001142.9,745751,38.37,0,CCCACACACACACCACACCCACACCCACACACACCACACCCACACACCAC,PTHTPHPHPHTPHPHTTPTPTLSHLPLLALSHLTRLSDRN
NC_001143.9,666816,38.07,0,CACCACACCCACACACCACACCCACACACACACCACACCCACACACCACA,HHTHTPHPHTHHTHTPHPHTTPTTLTLF
NC_001144.5,1078177,38.48,0,CACACACACACACCACCCACACACCACACCACACACCACACCACACACCA,HTHTPPTHHTTHHTTHHTTPTHPHTLFTSTSTLAVIPYPAF
NC_001145.3,924431,38.2,0,CCACACACACACCACACCCACACCACACCCACACCCACACCCACACCCAC,PHTHHTHTTPTPTPTPTLFTSIFTLAVTPYPAF
NC_001146.8,784333,38.64,0,CCGGCUUUCUGACCGAAAUUAAAAAAAAAAAAUGAAAAUGAAACCCUGUU,PAF
NC_001147.6,1091291,38.16,0,ACACCACACCCACACCACACCCACACCCACACACCACACCCACACACACA,TPHPHHTHTHTPHPHTHTHHTHTHPHTTPHPHTTHTHTTLP
NC_001148.4,948066,38.06,0,AAAUAGCCCUCAUGUACGUCUCCUCCAAGCCCUGUUGUCUCUUACCCGGA,K
NC_001224.1,85779,17.11,0,UUCAUAAUUAAUUUUUUAUAUAUAUAUUAUAUUAUAAUAUUAAUUUAUAU,FIINFLYIYYIIILIYIIKIIFIIKIFILLSGFRLPWPGPGIIN
